<?xml version="1.0" encoding="UTF-8" ?>
<!--  A blue box sitting on a floor.
 -->
<scene>
  <camera type="PerspectiveCamera">
    <viewPoint>0 25 0</viewPoint>
    <viewDir>0 -1 0</viewDir>
    <viewUp>0 0 1</viewUp>
    <projDistance>20</projDistance>
    <viewWidth>4.8</viewWidth>
    <viewHeight>2.7</viewHeight>
  </camera>
  <image>
    960 540
  </image>
  <shader name="blue" type="Lambertian">
    <diffuseColor>.2 .3 1</diffuseColor>
  </shader>
  <shader name="red" type="Lambertian">
    <diffuseColor>1 .3 .2</diffuseColor>
  </shader>
  <shader name="gray" type="Lambertian">
    <diffuseColor>.5 .5 .5</diffuseColor>
  </shader>
  <shader name="glass" type="Glass">
    <refractiveIndex>1.5</refractiveIndex>
  </shader>
  <surface type="Sphere">
    <shader ref="glass" />
    <center>0 5 0</center>
    <radius>1</radius>
  </surface>
  <surface type="Box">
    <shader ref="gray" />
    <minPt>-6 -1.1 -6</minPt>
    <maxPt>6 -1 6</maxPt>
  </surface>
  <surface type="Box">
    <shader ref="blue" />
    <minPt>-5.05 -1 -6</minPt>
    <maxPt>-4.95 -0.99 6</maxPt>
  </surface>
  <surface type="Box">
    <shader ref="blue" />
    <minPt>-3.05 -1 -6</minPt>
    <maxPt>-2.95 -0.99 6</maxPt>
  </surface>
  <surface type="Box">
    <shader ref="blue" />
    <minPt>-1.05 -1 -6</minPt>
    <maxPt>-0.95 -0.99 6</maxPt>
  </surface>
  <surface type="Box">
    <shader ref="blue" />
    <minPt>0.95 -1 -6</minPt>
    <maxPt>1.05 -0.99 6</maxPt>
  </surface>
  <surface type="Box">
    <shader ref="blue" />
    <minPt>2.95 -1 -6</minPt>
    <maxPt>3.05 -0.99 6</maxPt>
  </surface>
  <surface type="Box">
    <shader ref="blue" />
    <minPt>4.95 -1 -6</minPt>
    <maxPt>5.05 -0.99 6</maxPt>
  </surface>
  <surface type="Box">
    <shader ref="blue" />
    <minPt>-6 -1 -5.05</minPt>
    <maxPt>6 -0.99 -4.95</maxPt>
  </surface>
  <surface type="Box">
    <shader ref="blue" />
    <minPt>-6 -1 -3.05</minPt>
    <maxPt>6 -0.99 -2.95</maxPt>
  </surface>
  <surface type="Box">
    <shader ref="blue" />
    <minPt>-6 -1 -1.05</minPt>
    <maxPt>6 -0.99 -0.95</maxPt>
  </surface>
  <surface type="Box">
    <shader ref="blue" />
    <minPt>-6 -1 0.95</minPt>
    <maxPt>6 -0.99 1.05</maxPt>
  </surface>
  <surface type="Box">
    <shader ref="blue" />
    <minPt>-6 -1 2.95</minPt>
    <maxPt>6 -0.99 3.05</maxPt>
  </surface>
  <surface type="Box">
    <shader ref="blue" />
    <minPt>-6 -1 4.95</minPt>
    <maxPt>6 -0.99 5.05</maxPt>
  </surface>
  <light type="PointLight">
    <position>4 5 -3</position>
    <intensity>50 50 50</intensity>
  </light>
  <light type="PointLight">
    <position>-4 3 5</position>
    <intensity>40 40 40</intensity>
  </light>
</scene>
