<?xml version="1.0" encoding="UTF-8" ?>
<!--  Buddha-mesh (100,000 polygons)
 -->
<scene>
  <samples>16</samples>
  <camera type="PerspectiveCamera">
    <viewPoint>-6 10.5 18</viewPoint>
    <viewDir>6 -10.8 -18</viewDir>
    <viewUp>0 1 0</viewUp>
    <projDistance>4</projDistance>
    <viewWidth>0.5</viewWidth>
    <viewHeight>0.5</viewHeight>
  </camera>
  <image>
    640 640
  </image>
  <shader name="table" type="Glazed">
    <refractiveIndex>1.5</refractiveIndex>
		<substrate type="Phong">
			<diffuseColor>0.2 0.2 0.2</diffuseColor>
			<exponent>1.2</exponent>
		</substrate>
  </shader>
  
  <shader name="glazed" type="Glazed">
    <refractiveIndex>1.5</refractiveIndex>
		<substrate type="CookTorrance">
			<diffuseColor>0.6 0.85 0.75</diffuseColor>
			<specularColor>0.2 0.35 0.25</specularColor>
			<roughness>0.8</roughness>
			<refractiveIndex>1.5</refractiveIndex>
		</substrate>
  </shader>

  <surface type="Mesh">
    <shader ref="glazed" />
    <data>../../meshes/ray2/buddha100k_norms.obj</data>
  </surface>
  <surface type="Box">
  	<minpt>-3 -2 -3</minpt>
  	<maxpt>3 -1 3</maxpt>
  	<shader ref="table" />
  </surface>
  
  <light type="DirectionalLight">
  	<direction>3 10 5</direction>
  	<intensity>.5 .5 .5</intensity>
  </light>
  
  <cubemap>
    <filename>data/textures/cubemaps/uffizi_cross.pfm</filename>
  </cubemap>
  
</scene>

