<?xml version="1.0" encoding="UTF-8" ?>
<!--  A series of transformed cubes.
 -->
<scene>
  <exposure>300</exposure>
  <camera type="PerspectiveCamera">
    <viewPoint>70 7 70</viewPoint>
    <viewDir>-1 0 -1</viewDir>
    <viewUp>0 1 0</viewUp>
    <projDistance>2</projDistance>
    <viewWidth>0.5</viewWidth>
    <viewHeight>0.5</viewHeight>
  </camera>
  <image>
    1024 1024
  </image>
  <shader name="gray" type="Lambertian">
    <diffuseColor>0.6 0.6 0.6</diffuseColor>
  </shader>
  <shader name="glass" type="Glass">
    <refractiveIndex>1.5</refractiveIndex>
  </shader>

  <surface type="Box">
    <shader ref="gray" />
    <minPt>-100 -100 -101</minPt>
    <maxPt>100 100 -100</maxPt>
  </surface>

  <surface type="Sphere">
    <shader ref="glass" />
    <center>40 7 40</center>
    <radius>4</radius>
  </surface>

  <surface type="Group">
    <rotate name="r">15 30 0 </rotate>
    <translate name="t">4 0 0</translate>
    <surface type="Box">
      <shader ref="gray" />
      <minPt>-1 -1 -1</minPt>
      <maxPt> 1  1  1</maxPt>
    </surface>

  <surface type="Group">
    <rotate ref="r"/>
    <translate ref="t"/>
    <surface type="Sphere">
      <shader ref="gray" />
      <center>0 0 0</center>
	  <radius>1.3</radius>
    </surface>

  <surface type="Group">
    <rotate ref="r"/>
    <translate ref="t"/>
    <surface type="Box">
      <shader ref="gray" />
      <minPt>-1 -1 -1</minPt>
      <maxPt> 1  1  1</maxPt>
    </surface>

    <surface type="Group">
    <rotate ref="r"/>
    <translate ref="t"/>
   <surface type="Sphere">
      <shader ref="gray" />
      <center>0 0 0</center>
	  <radius>1.3</radius>
    </surface>

  <surface type="Group">
    <rotate ref="r"/>
    <translate ref="t"/>
    <surface type="Box">
      <shader ref="gray" />
      <minPt>-1 -1 -1</minPt>
      <maxPt> 1  1  1</maxPt>
    </surface>

  <surface type="Group">
    <rotate ref="r"/>
    <translate ref="t"/>
    <surface type="Sphere">
      <shader ref="gray" />
      <center>0 0 0</center>
	  <radius>1.3</radius>
    </surface>

  <surface type="Group">
    <rotate ref="r"/>
    <translate ref="t"/>
    <surface type="Box">
      <shader ref="gray" />
      <minPt>-1 -1 -1</minPt>
      <maxPt> 1  1  1</maxPt>
    </surface>

  <surface type="Group">
    <rotate ref="r"/>
    <translate ref="t"/>
    <surface type="Sphere">
      <shader ref="gray" />
      <center>0 0 0</center>
	  <radius>1.3</radius>
    </surface>

  <surface type="Group">
    <rotate ref="r"/>
    <translate ref="t"/>
    <surface type="Box">
      <shader ref="gray" />
      <minPt>-1 -1 -1</minPt>
      <maxPt> 1  1  1</maxPt>
    </surface>

  </surface>
  </surface>
  </surface>
  </surface>
  </surface>
  </surface>
  </surface>
  </surface>
  </surface>
  
  <light type="PointLight">
    <position>100 100 100</position>
    <intensity>10 10 10</intensity>
  </light>

  <light type="PointLight">
    <position>100 0 0</position>
    <intensity>80 0 0</intensity>
  </light>

  <light type="PointLight">
    <position>0 100 0</position>
    <intensity>0 80 0</intensity>
  </light>

  <light type="PointLight">
    <position>0 0 100</position>
    <intensity>0 0 80</intensity>
  </light>
</scene>

