<?xml version="1.0" encoding="UTF-8" ?>

<scene>
  <samples>16</samples>
  <camera type="PerspectiveCamera">
	 	<viewPoint>0 4 12</viewPoint>
	 	<viewDir>0 -.8 -3</viewDir>
	 	<viewUp>0 1 0</viewUp>
		<projDistance>2</projDistance>
		<viewWidth>0.6667</viewWidth>
		<viewHeight>0.5</viewHeight>
	</camera>
	<image>
	  900 600
	</image>
	
	<shader name="glazed" type="Glazed">
		<refractiveIndex>1.5</refractiveIndex>
			<substrate type="CookTorrance">
				<diffuseColor>0.5 0.5 0.5</diffuseColor>
				<specularColor>1 1 1</specularColor>
				<roughness>0.8</roughness>
				<refractiveIndex>1.5</refractiveIndex>
			</substrate>
	</shader>
	
	<shader name="glass" type="Glass">
		<refractiveIndex>1.5</refractiveIndex>
	</shader>
	
	<shader name="table" type="Glazed">
		<refractiveIndex>1.5</refractiveIndex>
			<substrate type="Phong">
				<diffuseColor>0.2 0.2 0.2</diffuseColor>
				<exponent>1.2</exponent>
			</substrate>
	</shader>
	
<surface type="Group">
  <translate>-1 0.65 -1</translate>
  <rotate>0 90 0</rotate>
  <surface type="Mesh">
    <shader ref="glass"/>
    <data>../../meshes/ray2/bunny10k_norms.obj</data>
  </surface>
</surface>
  
<surface type="Group">
  <rotate>0 0 90</rotate>
  <rotate>-90 0 0</rotate>
  <rotate>0 180 0</rotate>
  <scale>10 10 -10</scale>
  <translate>1 0.8 -1</translate>
  <surface type="Mesh">
    <shader ref="glazed"/>
    <data>../../meshes/ray2/horse_norms.obj</data>
  </surface>
</surface>
  
  <surface type="Box">
    <shader ref="table" />
    <minPt>-8 -1 -8</minPt>
    <maxPt>8 0 8</maxPt>
  </surface>
  
  <light type="PointLight">
  	<position>3 10 0</position>
  	<intensity>40 40 40</intensity>
  </light>
  <light type="PointLight">
  	<position>15 2 0</position>
  	<intensity>25 25 25</intensity>
  </light>
  <light type="PointLight">
  	<position>0 1 15</position>
  	<intensity>15 15 15</intensity>
  </light>
  
  <cubemap>
    <filename>data/textures/cubemaps/kitchen_cross.pfm</filename>
	<scaleFactor>0.005</scaleFactor>
  </cubemap>
  
</scene>
